time,node,inter_arrival_mean
0,pop0,4.335624611943984
200,pop0,4.305131573043672
